Id,Label,Weight
ability,ability,2.330508742372558e-06
able,able,3.465098047558654e-06
abroad,abroad,0.0034717228388933975
absolutely,absolutely,3.779441517858168e-06
abuse,abuse,0.005748314743980774
academic,academic,5.105512851601814e-06
accelerate,accelerate,4.010942913154173e-06
access,access,3.128887289567192e-06
accessibility,accessibility,5.530996663041003e-06
accord,accord,0.00047279033004546704
account,account,4.0013976466845446e-06
accusation,accusation,0.0037983148599047387
achieve,achieve,0.0017855329953708787
achievement,achievement,0.004238717059639456
acid,acid,0.0018566836473457944
acquire,acquire,0.006359835827673636
across,across,0.0007144551292046023
act,act,0.001146312905388166
action,action,4.260855885196917e-06
active,active,0.0012362905952191547
actively,actively,0.008473476267451709
activist,activist,4.464919031236389e-06
activity,activity,0.0006778018359595443
add,add,0.0005674964684196704
additional,additional,2.2681505495008754e-06
address,address,0.0005790366784415044
adherence,adherence,4.071795160090062e-06
administer,administer,2.755875615579505e-06
administration,administration,0.00029203797299558263
administrative,administrative,1.9073076825128963e-06
admiration,admiration,0.005356432529084301
admit,admit,0.0005598349222138143
adopt,adopt,0.0032473430978872076
adult,adult,0.001983054226346516
advanced,advanced,3.2298016203587396e-06
advantage,advantage,0.008097420740961175
adverse,adverse,0.005114972225942006
advice,advice,4.134223272365063e-06
advise,advise,0.0034272300387776207
adviser,adviser,3.596312456497e-06
advisor,advisor,2.3896187936207386e-06
affect,affect,3.3195509481279904e-06
affected,affected,2.8656552101596067e-06
affiliate,affiliate,4.232307155858747e-06
afloat,afloat,4.219872159509756e-06
africa,africa,0.0010661630239340847
african,african,0.0011488321985097696
aftermath,aftermath,3.956565264433947e-06
afternoon,afternoon,0.0014149254323303697
age,age,2.782121699759084e-06
agency,agency,3.0079783202121483e-06
aggressive,aggressive,0.004240303159081583
agree,agree,0.000850977468500347
agreement,agreement,2.909797957192073e-06
agricultural,agricultural,0.0012407798451475305
ahead,ahead,0.003073483210358343
ai,ai,2.3298241055514733e-06
aid,aid,0.002475766011661011
aide,aide,0.0010764018444458278
ailment,ailment,0.003178767963832715
aim,aim,0.0009925936467734433
air,air,0.0010624871364706644
airport,airport,2.0155150058244008e-06
al,al,2.9156530886189418e-06
alarm,alarm,0.003178767963832715
alert,alert,2.6097854324726597e-06
alike,alike,1.8313258325719031e-06
allege,allege,4.274985822441159e-06
allergy,allergy,2.9759726421670565e-06
alleviate,alleviate,0.002780123246787563
alliance,alliance,2.5174731782680173e-06
allocate,allocate,3.526663792624416e-06
allow,allow,2.8626721500844133e-06
almost,almost,0.0004034932895708249
alone,alone,0.006144850094503191
along,along,2.4865137123390076e-06
already,already,4.034546913844961e-06
also,also,0.0021075818391604268
although,although,2.4386834003057175e-06
amazing,amazing,3.0818094446965095e-06
ambassador,ambassador,4.9096146116789114e-06
america,america,0.0019678306984261484
amid,amid,0.000679135406484751
among,among,0.0022240303252682005
amongst,amongst,2.8656552101596067e-06
amy,amy,2.6045761267364634e-06
analysis,analysis,0.0022811827167497456
ancestor,ancestor,0.008097761446235618
animal,animal,2.4134406828320286e-06
animate,animate,2.5086944886513685e-06
animation,animation,3.377563907448129e-06
anime,anime,3.392216132968096e-07
anniversary,anniversary,2.589267934809688e-06
announce,announce,0.0005127412079035668
announcement,announcement,0.0014144345153462054
annual,annual,0.0010397388336587543
another,another,0.001537019336866108
answer,answer,0.0038760220369518884
anti,anti,0.0011774840796118457
antibody,antibody,0.0010616668436729503
anxiety,anxiety,0.0049511952011720905
anybody,anybody,1.9556925285182954e-06
anyone,anyone,3.4291872935931192e-06
anywhere,anywhere,3.515876018893277e-06
apart,apart,3.932762569405736e-06
appearance,appearance,0.0011147275268360314
approach,approach,3.258281049131971e-06
approval,approval,2.148744824266356e-06
approve,approve,3.4458977537206757e-06
approximately,approximately,5.029383503637184e-06
aquatic,aquatic,3.3714544274281165e-06
area,area,0.0012100863853094996
armed,armed,4.340529784569242e-06
around,around,0.0011785713814738243
arrest,arrest,2.264357878888374e-06
arrive,arrive,0.0004970074952238328
art,art,0.0035649972881279584
artist,artist,0.0042010143347413756
asia,asia,2.4232454519013106e-06
asian,asian,0.002839425626975554
ask,ask,0.0011745770312922526
assembly,assembly,0.003147326752158605
assistance,assistance,0.0027661366260397493
associate,associate,2.791372198850221e-06
association,association,2.717487119284465e-06
assume,assume,3.502111220819887e-06
asthma,asthma,3.038652087874607e-06
asymptomatic,asymptomatic,2.6036746891775785e-06
athlete,athlete,2.9033186460319703e-06
athletic,athletic,0.0030726917937145166
attack,attack,0.004083529274104502
attempt,attempt,0.0015645160807376472
attend,attend,0.002228226775086395
attendant,attendant,3.3538920838461575e-06
august,august,3.000449367873463e-06
australia,australia,0.001350139987229951
australian,australian,0.0011439757951575754
author,author,4.245357057513596e-06
authority,authority,0.000610734093746907
authorized,authorized,1.3703293404127585e-06
auto,auto,2.0466364075933983e-06
autumn,autumn,0.0007213886665960279
available,available,3.3989082189162873e-06
average,average,2.8569942491324663e-06
avoid,avoid,0.004782045883977494
await,await,3.0390533625494786e-06
award,award,9.645903568350601e-07
back,back,0.00215244614158538
backdrop,backdrop,4.033751704313274e-06
bad,bad,0.005795022903664065
badly,badly,0.005938774537363551
bailey,bailey,0.0028766341310010137
balcony,balcony,2.845003972374339e-06
ballot,ballot,2.8578366177451257e-06
ban,ban,0.0010473194882774561
banda,banda,2.307393722070537e-06
bank,bank,0.0027033531579866254
bankruptcy,bankruptcy,1.4154733311070698e-06
bar,bar,1.712878886531172e-06
barry,barry,0.003178651472661297
bartender,bartender,2.0841937332161407e-06
base,base,0.0014491331761410764
baseless,baseless,0.003955518325233221
bash,bash,3.377563907448129e-06
basis,basis,0.0012409149738390733
batch,batch,0.0035944677040894704
battered,battered,2.670732951468343e-06
battle,battle,0.005803356552434427
bear,bear,4.5489920337579185e-06
beat,beat,1.1671069597911095e-06
beautiful,beautiful,1.8313258325719031e-06
beauty,beauty,3.34973156973599e-06
become,become,0.0010922198691352798
becomes,becomes,2.388509208164785e-06
bed,bed,2.3483701810098023e-06
beef,beef,4.32855895999096e-06
beer,beer,1.7911757875829667e-06
beetle,beetle,2.1263511717419696e-06
begin,begin,0.00047342387745003797
behave,behave,3.1563428845344823e-06
behavior,behavior,0.004689300960638648
beijing,beijing,0.00022750054794123153
believe,believe,0.0012400736942081072
belt,belt,0.003564677359153776
benefit,benefit,3.4214994827956577e-06
benjamin,benjamin,4.274985822441159e-06
best,best,2.743210637632415e-06
beyond,beyond,0.0004857999172246799
bicycle,bicycle,4.26936406599241e-06
bid,bid,3.5035837175603643e-06
big,big,0.0001783777235616574
bilateral,bilateral,0.001204653581557196
bill,bill,0.0021212983056018834
billion,billion,0.0008273355026002669
bird,bird,0.00317783410507398
birthday,birthday,3.270521022958457e-09
blame,blame,0.005935885828751233
bless,bless,0.0016535063532548886
blessing,blessing,2.9711266983059207e-06
block,block,2.713516108599819e-06
blood,blood,0.003565081430748272
board,board,1.5271918112577795e-06
boast,boast,0.0029647552153405045
boat,boat,1.765907736749323e-06
body,body,3.200921616140308e-06
bodyguard,bodyguard,2.703130550811403e-06
boneless,boneless,4.32855895999096e-06
book,book,2.4370788881860203e-06
booking,booking,3.2020218420144523e-06
boom,boom,0.000803287311415895
boost,boost,2.919208127602998e-06
border,border,0.003615948034929334
bounce,bounce,2.2364059148750845e-06
box,box,1.8401515278066305e-06
brace,brace,0.0016757288749714569
brain,brain,1.2833165366162534e-06
brand,brand,2.464133497030162e-06
brazil,brazil,0.0008962018179476822
break,break,0.003349717940218398
breakdown,breakdown,2.882314562509686e-06
breaking,breaking,3.4995997170719208e-06
breed,breed,3.261609540890852e-06
briefing,briefing,1.797505433655559e-06
briefly,briefly,5.162460511360526e-06
bring,bring,0.0001825804813609814
british,british,0.0017672148272924407
broadway,broadway,3.903025354811154e-06
brought,brought,0.008097420740961175
brunt,brunt,4.5489920337579185e-06
bubble,bubble,3.8046928628254416e-06
budget,budget,2.2698269249727624e-06
build,build,0.002844935938167705
built,built,3.2178290480328342e-06
bully,bully,4.6735248291700685e-06
bump,bump,3.059761793408123e-06
bumper,bumper,0.0020889174756176243
bumpy,bumpy,0.004187013776100177
bureau,bureau,3.725351420280937e-06
business,business,0.00042661761595276537
bustling,bustling,0.0012042120798489825
busy,busy,0.003181795599780049
c,c,2.6019687722363345e-06
cabinet,cabinet,2.836360268762723e-06
calamity,calamity,3.287383170881354e-06
california,california,0.002230484305817503
call,call,0.0017305440276251958
cambodia,cambodia,0.002477184693372676
camp,camp,3.941029585790971e-06
campaign,campaign,0.0007498135599757364
canada,canada,0.0007432912485650447
cancel,cancel,2.419507515775576e-06
candidate,candidate,0.0002774638550906214
candle,candle,4.464919031236389e-06
capacity,capacity,2.5647359186749123e-06
capital,capital,0.0014092152894421856
capitalism,capitalism,0.005237914410823137
car,car,0.0015622174208976306
carabao,carabao,2.376264634635252e-06
card,card,3.377563907448129e-06
care,care,0.00038925429455077983
carnival,carnival,3.7896278396397364e-06
carry,carry,3.004482147431848e-06
case,case,0.0004149051993597577
cat,cat,0.0012056187253846875
catch,catch,0.0011912183543568568
catholic,catholic,3.9513226352079345e-06
cause,cause,0.0017419000478849076
caution,caution,3.476538992740887e-06
celebrate,celebrate,0.0009010860678424228
celebration,celebration,2.298790011522098e-06
center,center,0.00015912205939992455
centerpiece,centerpiece,3.392216132968096e-07
central,central,0.0016563506881406248
ceremony,ceremony,0.001783193467348244
chain,chain,0.00044800669282224763
chair,chair,0.0062344241234537825
chairman,chairman,0.003178651472661297
chairwoman,chairwoman,3.31376198434236e-06
challenge,challenge,0.0006023375481637848
chamber,chamber,0.0006393828914812612
champion,champion,4.194580737981688e-06
championship,championship,2.7809847092389332e-06
chancellor,chancellor,0.0032958563710422596
change,change,0.0004184413151640608
channel,channel,2.2593038811833e-06
chapter,chapter,1.4154733311070698e-06
charge,charge,3.555874091013195e-06
charity,charity,0.006359835827673636
chart,chart,0.0005727354636782724
charter,charter,1.8730576550393054e-06
check,check,0.0006464236071470204
cheer,cheer,2.845003972374339e-06
chi,chi,3.2717096249363497e-06
chief,chief,0.001070004926148319
child,child,0.0007050145737578988
china,china,0.000995875235126877
choose,choose,3.58570321551035e-06
chuck,chuck,2.786135113769047e-06
cinema,cinema,2.912661872439943e-06
circulation,circulation,0.001981972285625381
circus,circus,3.270521022958457e-09
cite,cite,0.0007596133844814304
citizen,citizen,2.648556562440823e-06
city,city,0.0002369779045105414
claim,claim,0.0007919392911177202
clarification,clarification,2.5290347897340664e-06
clash,clash,2.9020922026465348e-06
classroom,classroom,3.999838833260959e-06
clean,clean,3.770263957979434e-06
clear,clear,0.0012737295336924324
click,click,3.3825530438368334e-06
clientele,clientele,1.7441969462075837e-06
climate,climate,0.002076285049732475
clinic,clinic,2.0665990365176516e-06
clinical,clinical,0.0007739855391093003
clip,clip,4.603301358448914e-06
close,close,0.0001795803356322814
closely,closely,4.974466866693983e-06
closer,closer,4.071795160090062e-06
closet,closet,3.2298016203587396e-06
closure,closure,3.7255388748326786e-06
cloud,cloud,3.6666955788261026e-06
club,club,0.0027036668946215474
cluster,cluster,2.5878175442997723e-06
coach,coach,0.0030726917937145166
coal,coal,3.878362575421833e-06
coast,coast,3.541039219472565e-06
cocktail,cocktail,0.004238459359994818
cod,cod,0.0032939720397583026
coffin,coffin,2.464133497030162e-06
cold,cold,0.0007443567983292603
cole,cole,2.0304410621946128e-06
collect,collect,2.195879801669346e-06
college,college,3.3243679739338306e-06
color,color,0.002406592916920193
columnist,columnist,4.245357057513596e-06
combat,combat,0.0013520952056767675
come,come,0.0022450829677063406
comeback,comeback,2.845003972374339e-06
comfortable,comfortable,3.7670963884628064e-06
comic,comic,2.4370788881860203e-06
commandant,commandant,3.541039219472565e-06
commander,commander,3.541039219472565e-06
commence,commence,2.330508742372558e-06
commend,commend,0.002522925458584316
commission,commission,0.00020836621203215825
commissioner,commissioner,0.001293955488750649
commitment,commitment,3.943483649770307e-06
committee,committee,0.0005216366728210897
common,common,0.0005732716269998706
communicate,communicate,3.200921616140308e-06
communication,communication,0.00123925957904471
communist,communist,0.002078195062029604
community,community,0.0011163117332504357
company,company,0.0015329767882930351
compare,compare,0.0019731513477995607
compete,compete,1.765907736749323e-06
complacency,complacency,0.004947814717119273
complete,complete,0.0004863018659382103
completely,completely,3.051190942778768e-06
comprehensive,comprehensive,0.0024057167925364545
concern,concern,0.000688245832178912
conclude,conclude,2.8550407230408323e-06
concrete,concrete,2.6083225872896852e-06
condemn,condemn,0.0020229896535422062
condition,condition,0.0019263447799400895
conduct,conduct,0.0012402392844641993
conference,conference,3.355077117843339e-06
confidence,confidence,2.977545754058566e-06
confident,confident,3.2271617359718987e-06
confirm,confirm,0.0003651507082453351
confirmation,confirmation,2.4386834003057175e-06
confirmed,confirmed,0.0001781163622713041
conflict,conflict,0.002076285049732475
confront,confront,0.002578741689542921
congestion,congestion,0.004238459359994818
congress,congress,4.048860833684002e-06
congressional,congressional,2.369805616744024e-06
congressman,congressman,0.0015916195966793607
connect,connect,4.974466866693983e-06
conquer,conquer,4.245357057513596e-06
consecutive,consecutive,2.78375632561356e-06
consider,consider,0.0018952067841637938
construction,construction,0.004259865234950856
consumption,consumption,3.043131369328538e-06
contact,contact,0.0011885512291110196
contain,contain,0.002316399409498585
containment,containment,5.803762340806843e-06
contaminate,contaminate,0.0027606045434076755
contamination,contamination,0.0018590183009032616
conte,conte,2.846115509868607e-06
contentious,contentious,0.0035617502143550123
continent,continent,0.001087275766001563
contingency,contingency,0.0028764668807337466
continue,continue,0.001534582169569372
continued,continued,3.548316777776496e-06
contract,contract,0.00047615204039568867
contrast,contrast,3.7315721284843517e-06
contribute,contribute,5.530996663041003e-06
contribution,contribution,0.004452797771351468
contributor,contributor,2.8178163420948018e-06
control,control,0.00045495106021045694
convention,convention,2.4370788881860203e-06
cook,cook,3.7688263172033136e-06
cooler,cooler,3.0187109808621106e-06
cope,cope,0.0028764668807337466
corn,corn,0.0035634208086317482
corner,corner,1.8881415456969133e-06
coronavirus,coronavirus,0.0009728030401293324
corp,corp,3.0847065480350798e-06
correspondent,correspondent,1.9451090904357552e-06
corruption,corruption,4.274985822441159e-06
cough,cough,0.003708983109159938
could,could,0.0016315446696934797
council,council,0.00048159840428568356
councilor,councilor,0.002477184693372676
counselor,counselor,3.0390533625494786e-06
count,count,2.3184333134753766e-06
counter,counter,2.4773520694755894e-06
counting,counting,5.1892033373192306e-06
country,country,0.001059834324239356
couple,couple,2.9790127675175393e-06
courier,courier,3.725351420280937e-06
course,course,0.002281455916765007
court,court,0.00039928441763480165
cover,cover,2.681271629658732e-06
coverage,coverage,0.0022283879147273703
covid,covid,0.0010403384051010228
covid19,covid19,0.0017157758105233835
crane,crane,2.2315508033243953e-06
create,create,0.0013947588663194219
credit,credit,2.4134918643583407e-06
crew,crew,3.938569208362062e-06
crime,crime,0.008468524479185776
crisis,crisis,0.0024997002800195645
critical,critical,0.00672210929123378
criticism,criticism,0.004976002263138896
cross,cross,0.004567522251255134
crowd,crowd,2.845003972374339e-06
crucial,crucial,0.0026207989263534372
cruel,cruel,0.00508542587703472
cruise,cruise,2.5951880276022646e-06
crush,crush,3.2717096249363497e-06
culture,culture,2.0574835506246013e-06
cumulative,cumulative,2.8904843678260433e-06
cup,cup,2.376264634635252e-06
curb,curb,3.1046808621642803e-06
curfew,curfew,2.8153308907720748e-06
current,current,0.0006220158759476974
currently,currently,0.002299347591096262
curve,curve,3.3034111496472104e-06
custom,custom,3.578148793667889e-06
customer,customer,2.8073344056885823e-06
cut,cut,0.00530808642310803
daily,daily,8.959896657960671e-05
damage,damage,0.005937845689543301
dame,dame,1.9790356994486742e-06
dampen,dampen,2.9667551759832153e-06
dan,dan,3.297892771023056e-06
dance,dance,4.603301358448914e-06
dancer,dancer,2.307393722070537e-06
dangerous,dangerous,0.0038734715686489845
dark,dark,3.869245369458082e-06
dash,dash,2.1873649200960237e-06
data,data,2.768332977235378e-06
date,date,2.646776065403758e-06
daughter,daughter,0.002227803969634402
day,day,0.0005199117996375604
de,de,0.001190652014356257
dead,dead,4.03988048144619e-06
deadly,deadly,6.060288788541602e-06
deal,deal,0.0005956208099409012
death,death,0.00047753863988274906
debate,debate,0.0016758264187245243
debt,debt,2.6083381523598026e-06
decade,decade,0.008092758304144706
decision,decision,0.0024374681731452173
declaration,declaration,2.2758982781127668e-06
declare,declare,0.0020275548126049607
decline,decline,0.0009017354423035425
decommission,decommission,1.2518068468424673e-06
decrease,decrease,1.7991363590132185e-06
decree,decree,2.836360268762723e-06
dedicate,dedicate,2.0665990365176516e-06
deed,deed,0.0019802926673105296
deep,deep,4.277707187329727e-06
deepen,deepen,0.0006037006199813797
deeply,deeply,2.517078188050177e-06
defeat,defeat,0.010468127274119663
defense,defense,0.0038150321336717064
define,define,6.115620609316958e-06
delay,delay,0.002825020444903982
deliberately,deliberately,0.0019396018382408485
deliver,deliver,0.002373893967199492
demand,demand,0.0011737468991022354
democrat,democrat,0.0005961654227713573
democratic,democratic,0.0007571939895719
demonstrate,demonstrate,3.626826795751625e-06
demonstration,demonstration,4.413222239692641e-06
demonstrator,demonstrator,4.7306894300454e-06
density,density,0.003942242970520448
deny,deny,0.0027787801834410707
depart,depart,2.6935238948590733e-06
department,department,1.4154733311070698e-06
deployment,deployment,0.004240303159081583
depression,depression,0.0049511952011720905
deprivation,deprivation,0.006359835827673636
depside,depside,0.004955053110747937
deputy,deputy,2.988618767411166e-06
deserve,deserve,0.005356432529084301
designer,designer,0.0013535253195181998
despite,despite,0.0007105020986996124
detail,detail,2.9967545945560535e-06
detect,detect,2.193696109942764e-06
determine,determine,3.6389717910494274e-06
devastate,devastate,0.005243493075050035
devastating,devastating,0.00741758340693057
develop,develop,0.0007724280832442314
development,development,0.0008065024077261829
diagnose,diagnose,2.1808554329806755e-06
diagnosis,diagnosis,0.0015705267755644395
diagnostic,diagnostic,3.004482147431848e-06
die,die,0.0007457112743998901
differ,differ,3.422317079184692e-06
difference,difference,1.983866395146353e-06
different,different,3.42529445158665e-06
differentiate,differentiate,2.3488055007304337e-06
difficult,difficult,0.006768267927632708
difficulty,difficulty,0.008097420740961175
digital,digital,3.7016801630713496e-06
diminish,diminish,0.0020223261481394756
diner,diner,2.8073344056885823e-06
dining,dining,1.9611404978194468e-06
diplomat,diplomat,0.000605024670103697
direct,direct,0.003562313993440535
director,director,0.00033677231189546453
disappear,disappear,0.0021219758584426385
disaster,disaster,0.005009665406173613
discharge,discharge,2.92672328172578e-06
disclose,disclose,0.0019385917983223131
discovery,discovery,5.854138135692049e-06
discrimination,discrimination,0.004689300960638648
discuss,discuss,2.706268818032664e-06
disease,disease,0.00043511666664698597
disinfection,disinfection,2.7137602328138893e-06
display,display,2.0466364075933983e-06
disruption,disruption,0.0015919367383421584
distribute,distribute,3.892352417136576e-06
distribution,distribution,2.5290347897340664e-06
district,district,3.2717096249363497e-06
division,division,0.0063574378240031666
dock,dock,2.242646152530978e-06
doctor,doctor,0.0017410870761520164
doer,doer,1.4780114195866087e-06
dog,dog,2.706598278822929e-06
dollar,dollar,3.867090404330285e-06
domestic,domestic,2.928269479436661e-06
donate,donate,0.001651396243460387
donation,donation,0.0015191591078656949
donor,donor,3.7523339922649126e-06
doom,doom,0.004952345713201704
door,door,3.434663606837905e-06
doria,doria,2.027650558479198e-06
dos,dos,3.0612429918581827e-06
dose,dose,3.520953759336431e-06
double,double,0.0017855337887382535
dow,dow,0.00593982859132984
downgrade,downgrade,1.8717456483694743e-06
downward,downward,3.476538992740887e-06
dozen,dozen,0.001782690929101603
dramatic,dramatic,0.008343915810398433
dramatically,dramatically,0.0012945203306167327
draw,draw,0.0035633598966231805
dream,dream,1.6165224559560113e-06
drive,drive,0.0010243542018080766
driver,driver,2.0145494723726287e-06
drop,drop,0.004202500356273713
drought,drought,4.374996922385067e-06
drug,drug,3.365309071537756e-06
dry,dry,0.0035634208086317482
dual,dual,0.005937845689543301
due,due,0.00171310809554704
dutch,dutch,2.249563106353949e-06
duty,duty,0.0009287903058384373
e,e,2.4033146840137256e-06
early,early,2.7978944434167243e-06
earmark,earmark,0.004146504617027477
ease,ease,0.001599735071272632
east,east,0.00038294802569081084
economic,economic,0.0005203527664574419
economist,economist,0.0010133019276634026
economy,economy,0.00039015928051474777
edition,edition,1.765907736749323e-06
editor,editor,0.0020229896535422062
editorial,editorial,0.0020229896535422062
effect,effect,0.0007774746610039712
effective,effective,2.5422120891037773e-06
effort,effort,0.0008861192616382534
egg,egg,3.779441517858168e-06
eight,eight,2.7833607773187332e-06
either,either,2.8931382600252418e-06
el,el,0.005938774537363551
election,election,0.0006941272472450299
electric,electric,2.0654150704047695e-06
electricity,electricity,3.2178290480328342e-06
elicit,elicit,1.8760064709677964e-06
eliminate,eliminate,0.0006391969731893653
emerge,emerge,2.818426479830634e-06
emergency,emergency,0.0007450340060021207
emotional,emotional,0.003714382123797678
employed,employed,0.002345622678989608
employee,employee,0.0008511533758495936
employment,employment,3.998833508099579e-06
empty,empty,0.008902435975958752
encounter,encounter,0.004952345713201704
end,end,0.0006818783590415536
energy,energy,2.8294274719818566e-06
enforce,enforce,0.004240303159081583
enforcement,enforcement,0.003877281083478622
enhance,enhance,0.000894185853074501
enjoy,enjoy,0.0009019640294854577
enough,enough,2.9759726421670565e-06
ensemble,ensemble,5.047820756098201e-06
ensure,ensure,2.7968318366566156e-06
enter,enter,0.0009822220715500506
enterprise,enterprise,3.4196973314828386e-06
entire,entire,1.5912502656569065e-06
entirely,entirely,2.0665990365176516e-06
entity,entity,4.5489920337579185e-06
entry,entry,0.0005598369346124473
environment,environment,2.5493984562512545e-06
envy,envy,0.0029647552153405045
epicenter,epicenter,0.0017844027614935549
epidemic,epidemic,0.0007413569974461236
equine,equine,1.945578537832821e-06
equipment,equipment,3.3420642253982316e-06
equitable,equitable,2.7968318366566156e-06
era,era,5.586873444480321e-06
especially,especially,0.0026454098607810524
essential,essential,0.0005958935967728456
estimate,estimate,4.133968818965428e-06
eta,eta,2.9844750491843855e-06
ethical,ethical,4.139596089038859e-06
eu,eu,0.0021204419439513618
even,even,2.250281652261474e-06
evening,evening,2.2136343939544613e-06
event,event,3.0817824137731805e-06
ever,ever,3.3771057089092943e-06
every,every,0.001038447781788067
everywhere,everywhere,0.00318115294644787
evidence,evidence,2.4801672397320277e-06
ex,ex,0.002227803969634402
exactly,exactly,3.1563428845344823e-06
example,example,3.0818094446965095e-06
exceed,exceed,2.7892127800122994e-06
exchange,exchange,3.3734069761800115e-06
exclusive,exclusive,0.0
executive,executive,0.002992762690843398
exempt,exempt,3.662024484817603e-06
exercise,exercise,3.476538992740887e-06
exhibition,exhibition,0.0
exist,exist,2.9667551759832153e-06
expand,expand,3.498021055619315e-06
expect,expect,0.0006396648169529932
experience,experience,0.0006856039891051499
experimental,experimental,0.0021213633827558
expert,expert,0.002281518967187529
expire,expire,2.808452051746355e-06
explore,explore,3.515876018893277e-06
exponentially,exponentially,3.5327369084866616e-06
export,export,2.757528602634087e-06
expose,expose,3.3771440660095645e-06
exposure,exposure,0.000826337322654643
express,express,3.053721947689723e-06
extend,extend,0.0009109459009270309
extractor,extractor,0.00741846844449188
extreme,extreme,0.001014174037859876
eye,eye,0.002406592916920193
fable,fable,1.374207585537141e-06
fabric,fabric,3.770263957979434e-06
face,face,0.0015194011814298439
facebook,facebook,3.865170297101559e-06
facility,facility,2.903405811656965e-06
fact,fact,0.0019336129209369622
factory,factory,2.1406123090125233e-06
fail,fail,0.005314940849785962
failing,failing,0.0035598396237072494
failure,failure,0.008611169258587986
fair,fair,0.0010624691508140573
fairly,fairly,0.008092758304144706
fall,fall,4.095584998582416e-06
familiar,familiar,0.0014397848995227648
family,family,0.003065510223854389
famous,famous,3.7896278396397364e-06
far,far,0.0011250320953180267
fare,fare,4.077391582818477e-06
farmer,farmer,0.003131188714965244
fashion,fashion,0.0020270324260836465
fast,fast,0.0009313172097370675
fatality,fatality,0.0034289716267457936
fatigue,fatigue,0.0038992623642404222
fauci,fauci,0.0012320067800019488
favor,favor,2.944573536675012e-06
feast,feast,2.4134406828320286e-06
federal,federal,2.9909138664596184e-06
federation,federation,0.0024758099721734214
feel,feel,3.6416002017093945e-06
feeling,feeling,0.0010631540508849828
female,female,0.003710579957797297
fertility,fertility,0.003874669458624332
festival,festival,0.0009620374819023575
festivity,festivity,3.760492563828118e-06
fever,fever,0.004238459359994818
fi,fi,0.003181795599780049
fiasco,fiasco,1.374207585537141e-06
field,field,0.0012045445024751232
fiercely,fiercely,3.5398265264046957e-06
fifth,fifth,0.0014844903347429207
fig,fig,1.374207585537141e-06
fight,fight,0.004544963159202135
figure,figure,0.0005038788580785166
file,file,0.00047331300258843207
fill,fill,3.5860037027183053e-06
film,film,0.0029706416159261013
final,final,0.0006462412304203376
finally,finally,0.010468127274119663
finance,finance,0.003564677359153776
find,find,0.0006839959802560494
finding,finding,3.1563231670603617e-06
fine,fine,2.0574835506246013e-06
finland,finland,8.869101867397871e-07
firebreak,firebreak,3.5035837175603643e-06
firm,firm,3.394116831414495e-06
firmly,firmly,0.0016519162510599634
first,first,0.0006464090823993039
fiscal,fiscal,0.004752097318572854
fish,fish,0.00228717427917765
fishing,fishing,2.2758982781127668e-06
five,five,0.000891694247716539
flag,flag,0.0010624790001139462
flagship,flagship,0.002078195062029604
flare,flare,2.3599429453438864e-06
flatten,flatten,3.130283306553534e-06
fleet,fleet,1.765907736749323e-06
flight,flight,3.6534530914108983e-06
flood,flood,0.0020889174756176243
flower,flower,2.464133497030162e-06
flu,flu,2.476231818012108e-06
fly,fly,1.8730576550393054e-06
focus,focus,1.8401515278066305e-06
follow,follow,0.0007909898353850656
food,food,0.0019771739987891656
foot,foot,2.558273484297134e-06
football,football,0.002161093637227413
force,force,0.0018513900620806306
forecast,forecast,0.0007094915063710215
foreign,foreign,0.001914428659469307
form,form,0.0059246004255365785
former,former,3.2942783841645682e-06
fortune,fortune,2.933532097301019e-06
forward,forward,0.0020282313408153574
founder,founder,2.464133497030162e-06
founding,founding,3.0614271403936973e-06
four,four,0.001191795252307421
fourth,fourth,3.688479618631916e-06
fox,fox,0.003872820925948243
france,france,0.0003830579403768167
frank,frank,2.703130550811403e-06
fraternity,fraternity,0.005237914410823137
free,free,0.0010576885229183748
freeze,freeze,2.6828208599775475e-06
french,french,0.0007827169317188389
fresh,fresh,2.8769338712834063e-06
friend,friend,2.71412346051402e-06
front,front,0.003965941542903853
frozen,frozen,0.0011008101959537311
fuel,fuel,0.002228863634306577
full,full,0.0005323973981373371
fully,fully,0.0026921591686247
fund,fund,0.0017639726004412544
funeral,funeral,2.464133497030162e-06
furry,furry,3.5288127137798127e-06
future,future,0.0005736272491782176
fuye,fuye,3.1727752614993643e-06
gain,gain,0.004051229209000233
gamble,gamble,0.005567839376152535
game,game,4.4205993142435215e-06
gap,gap,3.5860037027183053e-06
garden,garden,3.2717096249363497e-06
gas,gas,3.878362575421833e-06
gate,gate,0.005298291151966575
gather,gather,0.0008133460465221058
gathering,gathering,0.0008268715068318638
gene,gene,0.008097761446235618
general,general,0.0013549746635342862
generate,generate,4.042386918934969e-06
german,german,3.293517806444166e-06
germany,germany,0.001380144212849144
get,get,0.0008670506032936455
girl,girl,0.0
give,give,4.12953336135684e-06
glad,glad,3.957851827203004e-06
glass,glass,3.4998012007209085e-06
global,global,0.0009125057979576292
globally,globally,0.001094638379018754
globe,globe,0.006595549382054877
glove,glove,0.00741846844449188
go,go,0.0005878477704307076
goal,goal,3.407398817845533e-06
gold,gold,7.243504232606543e-07
golden,golden,2.8155360541713057e-06
golf,golf,2.342515927948427e-06
good,good,0.0002858290451846695
governance,governance,0.0026175686577805555
government,government,0.0007699239791666894
governor,governor,0.0005992783222681816
grade,grade,0.004238459359994818
gradually,gradually,2.9879767831870107e-06
grand,grand,1.765907736749323e-06
grant,grant,2.575521058428795e-06
grape,grape,0.0035634208086317482
grapple,grapple,3.5621184064369676e-06
grave,grave,0.0024773454000855144
gravely,gravely,0.0028766341310010137
great,great,0.001170140032476032
greatly,greatly,3.758911759683757e-06
green,green,4.884144576317122e-06
grill,grill,2.280336596651146e-06
grip,grip,0.00508542587703472
grocery,grocery,3.7688263172033136e-06
ground,ground,2.272996161372989e-06
groundwork,groundwork,2.6495815369515025e-06
group,group,0.0011094322360586826
grow,grow,3.4178683355602665e-06
growth,growth,0.0007784849940955927
guard,guard,0.0015911997424892684
guest,guest,3.6939152676367857e-06
guidance,guidance,2.9195724991245925e-06
guideline,guideline,2.574037508396767e-06
guitar,guitar,0.0
gym,gym,1.9611404978194468e-06
h,h,0.001350080029448187
hail,hail,2.9278450555269525e-06
half,half,0.0011018564802726517
halt,halt,0.0011898152913772948
hamper,hamper,4.538430424355397e-06
hand,hand,0.0037728894599798096
handle,handle,0.0010617855963899114
handling,handling,0.0020190305966705426
happen,happen,0.00037357046376545084
happy,happy,1.8881415456969133e-06
harbour,harbour,1.765907736749323e-06
hard,hard,0.0002700116394226501
harder,harder,1.9725443963098437e-06
harm,harm,0.0028768789664441255
harmful,harmful,0.006007664252054897
harsh,harsh,0.004955053110747937
harvest,harvest,0.0020889174756176243
hate,hate,0.0065789127199122124
hawk,hawk,3.732335033662718e-06
head,head,3.3404586086208546e-06
headline,headline,0.00022045135676524233
health,health,0.0008658723010210676
healthy,healthy,4.519299714808449e-06
hear,hear,0.002051380431874542
hearing,hearing,3.4630967357412204e-06
heat,heat,3.3048410395699308e-06
heavy,heavy,3.998833508099579e-06
helmet,helmet,3.94736124083328e-06
help,help,0.0020888765874145718
hemisphere,hemisphere,3.971780055432946e-06
herd,herd,0.0008933117921303893
heritage,heritage,9.645903568350601e-07
heterochromia,heterochromia,0.002406592916920193
hiatus,hiatus,2.402563843522639e-06
hick,hick,3.2387829553168457e-06
high,high,0.0008609173464408606
highlight,highlight,2.692884618003351e-06
hike,hike,0.0025489647858525145
hire,hire,2.922838579479919e-06
history,history,2.941851975539136e-06
hit,hit,0.0011826493646164816
hold,hold,0.0005787478090837848
holiday,holiday,0.0005356742643283546
home,home,0.0007575135601880828
homeless,homeless,0.003715123895110706
hong,hong,0.00059651034854121
honor,honor,0.004008897529739713
hope,hope,3.2009509407454913e-06
hopeful,hopeful,3.422317079184692e-06
horizon,horizon,3.6666955788261026e-06
hospital,hospital,0.0008403720781264381
hospitalize,hospitalize,0.001703828042756735
host,host,3.272288207750084e-06
hotel,hotel,1.8994342072482282e-06
hotspur,hotspur,2.376264634635252e-06
hour,hour,0.00010284765631567711
house,house,0.0004525472854876903
household,household,0.006359835827673636
housing,housing,0.004955053110747937
however,however,0.001143233191791095
hubei,hubei,0.0012042120798489825
human,human,0.0016700383755417362
humanitarian,humanitarian,6.178255265655554e-06
humanity,humanity,5.196753832731652e-06
hundred,hundred,0.0025930043446431962
hungry,hungry,0.002076285049732475
husband,husband,2.5315577036832587e-06
hygiene,hygiene,0.004240303159081583
hyper,hyper,0.008092758304144706
iconic,iconic,2.7080738259134833e-06
idea,idea,0.0037176108915019986
identify,identify,2.8628272117495493e-06
idiot,idiot,0.006144850094503191
idle,idle,3.475623819870128e-06
ill,ill,0.005000447149448103
illness,illness,3.178159120134134e-06
image,image,1.983866395146353e-06
immediate,immediate,2.0574835506246013e-06
immune,immune,0.0017687317675511161
immunity,immunity,0.0011899680088055915
immunization,immunization,2.104371315849993e-06
impact,impact,0.001540044571193747
impasse,impasse,2.571677770952037e-06
imperative,imperative,4.010942913154173e-06
imperial,imperial,3.515876018893277e-06
impetus,impetus,3.328346761195816e-06
implant,implant,0.0023441675005866414
implement,implement,2.46541146983045e-06
implementation,implementation,0.004240303159081583
import,import,0.0003417468820797546
important,important,4.044911120830711e-06
impose,impose,2.3698342703477254e-06
impressive,impressive,4.868349097356586e-06
improper,improper,2.7137602328138893e-06
improve,improve,0.001192378514107776
improvement,improvement,0.0021202261001394647
inaugurate,inaugurate,0.0029676558551390278
inbound,inbound,2.905692103497309e-06
include,include,0.0009467362293369823
income,income,3.7896377879123257e-06
increase,increase,0.0018832333869356838
indefinitely,indefinitely,3.7896278396397364e-06
independence,independence,0.0034272300387776207
india,india,0.0008084765644090758
indicate,indicate,3.7173925904363115e-06
individual,individual,3.653945640636901e-06
indoor,indoor,1.9611404978194468e-06
indoors,indoors,2.558273484297134e-06
industry,industry,0.0011865126877789638
inequality,inequality,0.006664691299713279
infect,infect,0.0005560630815955135
infection,infection,0.0007125625063139372
infectious,infectious,0.0005958821948445506
infertility,infertility,0.0023441675005866414
inflammation,inflammation,0.005939787338187226
influx,influx,2.6211430232076417e-06
information,information,0.004357953171315227
infrastructure,infrastructure,0.0037993341868292215
inherit,inherit,0.008097761446235618
inhibit,inhibit,0.004051600718670263
initially,initially,3.365891537114868e-06
initiative,initiative,2.6594145403492305e-06
inject,inject,0.003872506627880846
injection,injection,3.957851827203004e-06
innkeeper,innkeeper,8.248229725318464e-07
innovation,innovation,5.042367983178015e-06
insecurity,insecurity,0.002964500196266221
inside,inside,0.002406592916920193
insider,insider,8.170245867683932e-07
inspire,inspire,0.003715332303537294
installation,installation,0.0035649972881279584
instead,instead,0.001143188255346772
institute,institute,2.77965959828302e-06
institution,institution,0.0018570544470581079
instruct,instruct,0.003561754229363773
instruction,instruction,4.071795160090062e-06
integrity,integrity,3.957851827203004e-06
intellectual,intellectual,5.549561640848488e-06
intensive,intensive,2.3483701810098023e-06
inter,inter,0.0024773454000855144
interactive,interactive,4.37096281029753e-06
interdependence,interdependence,5.593738662054014e-06
interesting,interesting,5.162460511360526e-06
interim,interim,2.1110594710853975e-06
internal,internal,2.7682085066761857e-06
international,international,0.00045762281926846376
intervene,intervene,0.00423764369594899
interview,interview,0.0019384273388262782
introduce,introduce,2.8147826660519326e-06
investigational,investigational,4.042386918934969e-06
investment,investment,0.004998897282307711
investor,investor,0.00593982859132984
invite,invite,4.245357057513596e-06
involve,involve,4.340529784569242e-06
involvement,involvement,3.270521022958457e-09
iran,iran,2.386893403727396e-06
island,island,2.758899247515883e-06
isolate,isolate,0.0040109415927919315
isolating,isolating,0.003313203715218258
isolation,isolation,0.0037320486023313445
issue,issue,0.0005117209540271377
italy,italy,0.0006549004555763127
j,j,2.056080562366973e-06
japan,japan,0.0022284232420543308
japanese,japanese,0.001486913145708065
jean,jean,3.871969246160787e-06
jersey,jersey,2.9040761329833435e-06
jinping,jinping,0.002803680301379536
job,job,0.0027847617425002438
joe,joe,0.00022769824546063473
johnson,johnson,0.00128254361109743
join,join,0.00022715766238812248
joint,joint,0.003220778162798951
jointly,jointly,0.005939913360353823
journal,journal,0.0013680434961195428
journalist,journalist,2.991232378835258e-06
journey,journey,0.001859772292154519
judge,judge,0.0018592187850185137
judiciary,judiciary,2.4386834003057175e-06
jump,jump,3.559579316282776e-06
june,june,0.0003560346769038046
justice,justice,1.9790356994486742e-06
k,k,4.077391582818477e-06
kamala,kamala,2.970098623444555e-06
keep,keep,0.0010706106577341025
keg,keg,2.679064030134564e-06
keita,keita,2.388509208164785e-06
key,key,0.0008264318828614313
khan,khan,2.2978518207940512e-06
kick,kick,8.248229725318464e-07
kill,kill,0.003952752053001477
kilometer,kilometer,2.53190025388619e-06
kilowatt,kilowatt,2.8873413182891724e-06
kim,kim,3.81494027063776e-06
king,king,2.8294274719818566e-06
kingdom,kingdom,7.410651235185543e-07
kit,kit,0.0051930621498154535
know,know,2.9088119664360305e-06
knowledge,knowledge,3.2404946151771288e-06
korea,korea,0.0015906610941797787
korean,korean,4.149375916091935e-06
l,l,0.000621666664314796
labor,labor,3.98164643221844e-06
lack,lack,4.582117527741896e-06
lady,lady,0.0011986841317549323
lake,lake,3.1241111612986973e-06
lancet,lancet,1.8760064709677964e-06
land,land,5.105512851601814e-06
landmark,landmark,2.267383622064263e-06
lane,lane,2.2593038811833e-06
language,language,1.2833165366162534e-06
large,large,0.0006533268143365413
last,last,0.0002299490713221893
lasting,lasting,0.0037118495137699434
late,late,0.00028115082581238736
lately,lately,0.0034289716267457936
later,later,2.330508742372558e-06
law,law,3.721007147575217e-06
lawmaker,lawmaker,2.492219972425788e-06
lawn,lawn,3.752629703380334e-06
lay,lay,0.0010620790342832798
lead,lead,0.001011350283092466
leader,leader,0.0012665571949963986
leadership,leadership,0.0026597796385913956
leaf,leaf,1.6027667090545222e-06
league,league,2.376264634635252e-06
learn,learn,3.7134498952259534e-06
least,least,0.0010975036498808155
leave,leave,0.004040480043264365
lee,lee,2.9790127675175393e-06
legendary,legendary,3.0614271403936973e-06
legislative,legislative,3.313015853863415e-06
legitimacy,legitimacy,2.8578366177451257e-06
lend,lend,0.006359835827673636
less,less,0.00206383317613959
lesson,lesson,0.005741779337900701
let,let,3.334926157809478e-06
letter,letter,2.9920888219969583e-06
level,level,0.0003145143234013894
leverage,leverage,0.006359835827673636
li,li,3.3722124137918866e-06
library,library,3.308296729000517e-06
license,license,2.760970610924759e-06
life,life,0.0010496425406907918
lift,lift,0.001272650099330813
light,light,0.0012408899071253675
like,like,3.4053513035171933e-06
likelihood,likelihood,0.0076110108070654055
likely,likely,2.6101340717565874e-06
limit,limit,0.0016506620112011201
line,line,0.005993020228301112
link,link,2.8578210754311655e-06
list,list,0.003356296268129183
little,little,1.4780114195866087e-06
live,live,0.0003605401515013307
livelihood,livelihood,0.006595549382054877
loan,loan,3.082322454311392e-06
local,local,3.0625629822359515e-06
locally,locally,2.1828047333203498e-06
logistical,logistical,1.283095385708232e-06
long,long,0.0012663465328730471
longer,longer,0.0030965596531251157
look,look,0.0009205355450909703
loom,loom,0.001484191058150137
looming,looming,0.0043319389091046046
loose,loose,2.1263511717419696e-06
lose,lose,0.005531226693632317
loss,loss,0.00476557004978503
lot,lot,3.6099720309925635e-06
lover,lover,2.4134406828320286e-06
low,low,0.005191038909704987
luna,luna,3.3538920838461575e-06
lunch,lunch,3.2717096249363497e-06
luxury,luxury,2.88005976668946e-06
machine,machine,0.00741846844449188
macron,macron,2.5583758832906507e-06
magazine,magazine,0.0010421553413194604
magic,magic,7.410651235185543e-07
magnify,magnify,0.002283078617922521
mail,mail,3.3246198564614554e-06
mainly,mainly,1.9725443963098437e-06
maintain,maintain,0.004885985765195555
major,major,0.0012545761741644262
majority,majority,0.0006457574140681818
make,make,0.0014751450832954812
maker,maker,0.0017863755704736592
maladaptation,maladaptation,0.002283078617922521
malaysia,malaysia,2.2231488314138795e-06
male,male,0.003874669458624332
man,man,0.0007098170645954127
manage,manage,3.6340818775228894e-06
management,management,0.003874348151105739
mandate,mandate,3.381502154141909e-06
mandatory,mandatory,0.002027425777201736
mane,mane,0.0040527605005447045
manila,manila,2.4134406828320286e-06
many,many,0.001472702102422301
map,map,1.983866395146353e-06
march,march,0.0020432503330813675
maria,maria,4.3081450215632575e-06
marina,marina,0.002227803969634402
marine,marine,3.542545825243644e-06
mark,mark,0.0001961058205274512
market,market,0.0019058389271973772
mask,mask,0.0011832486998089161
mass,mass,3.157522857921392e-06
match,match,2.3570750930823363e-06
material,material,3.3722124137918866e-06
matter,matter,2.93566804451582e-06
may,may,0.001183183532043535
mayor,mayor,2.6744827910033495e-06
meadow,meadow,0.001934662693451683
meal,meal,0.00468737981018077
mean,mean,0.0004836198792053279
meaning,meaning,3.3609075012397487e-06
measure,measure,0.0009718500310485407
meat,meat,4.582117527741896e-06
medic,medic,0.006157629090068674
medical,medical,0.0018243893637201105
medically,medically,0.0021219758584426385
medication,medication,3.476055158519832e-06
medicine,medicine,0.0006759549576840203
medium,medium,0.000744531909480678
meet,meet,0.0003282315196141012
meeting,meeting,0.00041850904993964217
member,member,0.0020479409507534944
memo,memo,3.047688466885475e-06
memory,memory,1.4197005115852032e-06
mental,mental,0.0010625284747387104
message,message,2.9088878097691795e-06
metropolitan,metropolitan,1.8127751614486105e-06
michigan,michigan,0.0008270948182592405
micro,micro,3.593486574878143e-06
mid,mid,2.7926924265359133e-06
middle,middle,2.557499483966791e-06
midnight,midnight,1.7621325816652812e-06
might,might,0.0010629194220146368
migrant,migrant,3.941029585790971e-06
migrate,migrate,2.4370788881860203e-06
migration,migration,3.1563231670603617e-06
mike,mike,0.00035629309987045976
mild,mild,0.001026138108977734
mile,mile,1.765907736749323e-06
milestone,milestone,0.0008592470128380032
military,military,0.0008453215010897867
miller,miller,0.0010395356187181883
million,million,0.0006659126984954484
minimize,minimize,4.743126584852956e-06
minister,minister,0.001557680404660262
ministry,ministry,0.00040415603552550634
mink,mink,0.0018601949390711365
mirror,mirror,2.2364059148750845e-06
miserably,miserably,0.004567522251255134
misinformation,misinformation,0.002977836261016239
mislead,mislead,0.0031828887171840843
misleading,misleading,0.007420052019490303
mismatch,mismatch,0.002283078617922521
miss,miss,0.006657257748222987
mitigate,mitigate,0.0009608121733530828
mobile,mobile,3.0537824844867973e-06
model,model,0.0010905503994570371
modeler,modeler,3.878362575421833e-06
moderator,moderator,5.476189986992827e-06
modern,modern,3.957851827203004e-06
moment,moment,3.555439703506799e-06
momentum,momentum,4.276378686163601e-06
monetary,monetary,3.4674065132519837e-06
money,money,0.0039030684203023415
monkey,monkey,0.00468737981018077
month,month,0.0004950906069516211
monument,monument,2.6019687722363345e-06
moody,moody,1.8717456483694743e-06
morning,morning,0.0016530562894703298
mosque,mosque,3.308296729000517e-06
motorcade,motorcade,4.925384912628615e-06
mount,mount,0.0034290528320496047
move,move,3.0746396397153935e-06
movie,movie,2.77389413971657e-06
much,much,0.002968204033655543
mull,mull,3.942265024729345e-06
multilateral,multilateral,1.8806258337335738e-06
multinational,multinational,0.0063574378240031666
multiple,multiple,0.0019811032984031855
municipal,municipal,2.0582456725528357e-06
mural,mural,5.374522922518983e-06
murphy,murphy,2.7695001780920796e-06
music,music,2.4991928605439363e-06
musician,musician,0.004686696365945458
must,must,0.0015630291441263565
mutate,mutate,2.628595755021545e-06
mutation,mutation,3.5847640588611117e-06
n,n,0.0008735103682967542
nancy,nancy,2.5061294304440196e-06
nasal,nasal,0.004238459359994818
nation,nation,0.002439518959837082
national,national,0.0002628915689668446
nationalism,nationalism,1.8806258337335738e-06
nationwide,nationwide,0.0008127093844938845
natural,natural,2.8019883307002403e-06
naturally,naturally,2.8019883307002403e-06
nature,nature,3.729922895030028e-06
nautical,nautical,1.765907736749323e-06
navy,navy,2.9336721585731944e-06
near,near,2.902651590939278e-06
nearly,nearly,0.001049789828652063
neat,neat,3.779441517858168e-06
necessary,necessary,2.6495815369515025e-06
need,need,0.0010338201157083075
negative,negative,0.0003158360684084529
negotiation,negotiation,2.7587252788850803e-06
neighbor,neighbor,2.670732951468343e-06
neighborhood,neighborhood,2.3362313863538496e-06
neighboring,neighboring,0.002226201360534532
never,never,3.5338036071511547e-06
new,new,0.0004055859889619973
newly,newly,2.413363777817715e-06
news,news,0.0011258233130229272
newspaper,newspaper,0.0044517641972398585
newsroom,newsroom,2.763330600229483e-06
next,next,0.0014469776918850823
nick,nick,0.0015380228428991814
night,night,2.943029837586338e-06
nightly,nightly,1.7207021564971165e-06
nighttime,nighttime,2.2136343939544613e-06
nine,nine,2.6792708886980638e-06
noise,noise,2.3689146802104523e-06
nomination,nomination,2.786135113769047e-06
nominee,nominee,2.5517146943683892e-06
non,non,0.0013332998559819464
normal,normal,2.7181431637651327e-06
normalcy,normalcy,2.102301019167891e-06
normalize,normalize,2.978941179878076e-06
north,north,4.593256573854257e-06
northern,northern,3.5025954146672415e-06
notice,notice,0.0018580098877594457
novel,novel,0.001297380204414533
nu,nu,1.7539714754232095e-06
number,number,0.00043404895450227656
nurse,nurse,0.0053510612980670075
nursing,nursing,3.0221182560032577e-06
object,object,2.6828208599775475e-06
observe,observe,0.002076285049732475
occupy,occupy,2.897604003006386e-06
occur,occur,3.217146437186192e-06
occurrence,occurrence,0.0063574378240031666
ocean,ocean,3.901249105322812e-06
offer,offer,0.0019422333747010092
office,office,0.0009598280944408171
officer,officer,0.0031783000701035543
official,official,0.0015066861255690674
officially,officially,2.4623920068629736e-06
oil,oil,0.003177755801910211
old,old,0.0005913840800885285
one,one,0.0004890604607963887
ongoing,ongoing,0.0009918981576557638
open,open,3.130776205840056e-06
opening,opening,3.0721188446922313e-06
opera,opera,3.3744866811014746e-07
operate,operate,3.310251749492555e-06
operation,operation,2.7839792731606606e-06
opinion,opinion,2.5002213101476207e-06
opportunity,opportunity,3.9655018645942465e-06
oppose,oppose,0.0019800959250311956
order,order,0.000699003001437741
organ,organ,0.002971941461592904
organization,organization,0.0008048964728956994
organize,organize,4.033751704313274e-06
organizer,organizer,4.0134302027391485e-06
orient,orient,2.376264634635252e-06
origin,origin,2.5799471564672073e-06
original,original,2.7686168190663767e-06
originally,originally,1.7717761964621365e-06
originate,originate,9.410692608832979e-09
otherwise,otherwise,1.9556925285182954e-06
oust,oust,0.005569384369597851
outage,outage,2.9844750491843855e-06
outbound,outbound,2.905692103497309e-06
outbreak,outbreak,0.0001587490494319477
outdoors,outdoors,0.00405026943687573
outer,outer,0.002227237047057048
outlet,outlet,3.20010802102742e-06
outlook,outlook,1.8717456483694743e-06
output,output,4.194135968244131e-06
outrage,outrage,0.007415429357485279
outside,outside,0.0022678232083673633
oval,oval,3.3324619471069544e-06
overall,overall,4.3322433273271605e-06
overcome,overcome,5.546740021653772e-06
overnight,overnight,0.0030707683216215326
overseas,overseas,2.1479400560232018e-06
overwhelm,overwhelm,0.0052349061914634155
owner,owner,4.644533849182009e-06
oxygen,oxygen,0.001934662693451683
p,p,0.0007450268225926067
pace,pace,3.3134807889447567e-06
pacific,pacific,2.2995017021177945e-06
pack,pack,2.3888587618121347e-06
package,package,0.000482046654228426
pair,pair,0.003876198122824747
pandemic,pandemic,0.001480233861681957
paper,paper,3.20010802102742e-06
parade,parade,3.81494027063776e-06
park,park,2.1740363748675734e-06
parliament,parliament,0.002706637910377353
parson,parson,3.1105136963536323e-06
part,part,0.0014253701410132018
partial,partial,3.7186967153381865e-06
participant,participant,2.056080562366973e-06
participate,participate,0.0030712595973059415
particular,particular,4.033751704313274e-06
particularly,particularly,5.552793049378331e-06
partner,partner,3.7190104224149748e-06
partnership,partnership,0.0024057167925364545
party,party,0.0026410093031052993
pass,pass,3.120701625051162e-06
passenger,passenger,2.9799511345963203e-06
past,past,2.3779966489840495e-06
patch,patch,0.0038743996358798186
patient,patient,0.0015678066149723553
patron,patron,2.4134406828320286e-06
pattern,pattern,0.005937845689543301
pause,pause,2.473981272810099e-06
payment,payment,3.000449367873463e-06
peace,peace,1.1090571190342482e-06
peel,peel,1.9611404978194468e-06
pending,pending,2.027650558479198e-06
penny,penny,3.4724134394273774e-06
people,people,0.0015969657117019579
per,per,3.1858807768398327e-06
percent,percent,0.0008282639632765734
perform,perform,3.1252850097006603e-06
performance,performance,3.44375020199777e-06
perilous,perilous,0.003428636762485134
period,period,0.0007253032399736508
permanent,permanent,0.0037983148599047387
person,person,0.00044191423866589815
personal,personal,3.3538920838461575e-06
personnel,personnel,2.2593038811833e-06
pervasive,pervasive,0.00508542587703472
pet,pet,3.528987266007019e-06
peto,peto,1.9556925285182954e-06
pharmaceutical,pharmaceutical,0.0063574378240031666
pharmacy,pharmacy,2.922838579479919e-06
phase,phase,0.001937992746451745
philharmonic,philharmonic,2.8450518632036653e-06
phone,phone,2.2555143386297986e-06
photo,photo,0.0005515082905019341
physical,physical,0.005748314743980774
physician,physician,0.0005518219264767458
pic,pic,1.5560844865541532e-06
pick,pick,0.0007150048516161342
picture,picture,0.002406592916920193
picturesque,picturesque,1.7441969462075837e-06
pilgrim,pilgrim,2.2934975070278726e-06
pilgrimage,pilgrimage,2.402563843522639e-06
pilot,pilot,2.330508742372558e-06
place,place,2.779885121097708e-06
plan,plan,0.0010764234739596475
plane,plane,1.8730576550393054e-06
plant,plant,0.0007442503383218338
plasma,plasma,3.7523339922649126e-06
plastic,plastic,0.0019400496859650349
platform,platform,3.4428620772535984e-06
play,play,3.1563231670603617e-06
player,player,0.0007219826990160977
pledge,pledge,0.0008936999724087068
ploy,ploy,3.732335033662718e-06
plunge,plunge,0.002780123246787563
plus,plus,1.8401515278066305e-06
pod,pod,1.8994342072482282e-06
point,point,0.0046842326769074875
polarize,polarize,2.517078188050177e-06
police,police,0.0010628960101396532
policy,policy,2.2698269249727624e-06
polish,polish,4.345387490304905e-06
political,political,0.003955518325233221
politician,politician,0.005935885828751233
politicize,politicize,0.004684923788315656
politics,politics,0.0014155135528975443
poll,poll,1.7128437542949689e-06
polling,polling,3.700930999860517e-06
pollution,pollution,0.003876198122824747
pompeo,pompeo,2.86033162511039e-06
pool,pool,2.5076074926397263e-06
pope,pope,0.005237914410823137
popular,popular,6.071172867779727e-07
population,population,0.001965572036328615
populous,populous,3.881920034053132e-06
port,port,2.736303333003107e-06
portrait,portrait,2.464133497030162e-06
pose,pose,0.0021202261001394647
positive,positive,0.0007008848887228156
possible,possible,0.0005955175423730891
post,post,0.001057069092825513
postal,postal,2.8578366177451257e-06
postpone,postpone,3.980851223931193e-06
potential,potential,0.0011741081937643315
potentially,potentially,0.004507211723575096
poverty,poverty,0.002156430176553403
power,power,2.9046235774200135e-06
practice,practice,2.605236353427127e-06
praise,praise,0.005565099536424886
pray,pray,3.6806213426619834e-06
precaution,precaution,2.402563843522639e-06
precautionary,precautionary,3.038652087874607e-06
predict,predict,0.0019391857079676257
preliminary,preliminary,2.0785044753315498e-06
premier,premier,3.0671265198928896e-06
preparation,preparation,3.758911759683757e-06
prepare,prepare,2.9648059871177297e-06
preparedness,preparedness,3.771795884287594e-06
present,present,4.69633120923365e-06
president,president,0.0013689386848670818
presidential,presidential,0.0006563602334650763
press,press,0.00042714629109854316
presser,presser,4.013275014103195e-06
pressing,pressing,3.1563231670603617e-06
pressure,pressure,0.004499218600823728
prestigious,prestigious,0.0020229896535422062
presumably,presumably,0.0014842539225219423
presume,presume,3.966333147146692e-06
pretty,pretty,3.2404946151771288e-06
prevail,prevail,1.8806258337335738e-06
prevent,prevent,3.178302727953728e-06
preventative,preventative,3.3722124137918866e-06
prevention,prevention,3.005476556841308e-06
previous,previous,2.8417888292279824e-06
price,price,0.0010624691508140573
priest,priest,4.2588826404702444e-06
prim,prim,0.0026976513787048805
prime,prime,0.000873160118885781
principle,principle,3.662024484817603e-06
priority,priority,0.0025919207392746555
private,private,3.169127101173291e-06
prize,prize,1.7208959249145027e-06
problem,problem,0.003345009720008491
procedure,procedure,5.1892033373192306e-06
proceed,proceed,2.4386834003057175e-06
process,process,2.413553935808532e-06
produce,produce,2.979426775968008e-06
product,product,0.0004977233975122975
production,production,3.5956030357775276e-06
professional,professional,2.3378855515294205e-06
professor,professor,0.0012402508714850244
program,program,1.832192693216058e-06
progress,progress,3.818993104054378e-06
project,project,0.0032637974360977783
projection,projection,3.971292028894655e-06
prominently,prominently,2.0466364075933983e-06
promise,promise,4.151814669765092e-06
promote,promote,0.0014412075486983584
promoter,promoter,0.0027007110310540653
property,property,5.549561640848488e-06
proposal,proposal,0.0025148302524739467
prosperity,prosperity,0.003564677359153776
protect,protect,0.00153224591666284
protection,protection,2.256967138162455e-06
protective,protective,0.0037112341416625705
protest,protest,0.004125172354892747
protester,protester,3.8068879408658335e-06
protocol,protocol,0.0013913260763436157
prove,prove,0.0018412973025584427
provide,provide,0.001076711905887496
province,province,0.00034004953127788945
pub,pub,2.294178754425078e-06
public,public,0.0008231955951401742
publicly,publicly,3.4203076977785118e-06
publish,publish,0.0005213755109291902
pull,pull,2.7839792731606606e-06
pummel,pummel,3.328346761195816e-06
purchase,purchase,3.399478726521719e-06
push,push,2.3275354283201407e-06
put,put,0.001734401906413574
qingdao,qingdao,0.00010362581922451449
quality,quality,0.0012415945958162316
quarantine,quarantine,0.0002443171897789683
quarter,quarter,0.0010261472680758701
question,question,3.001398690766926e-06
quick,quick,1.8301531622780923e-06
quickly,quickly,3.5757573681999096e-06
quiet,quiet,1.6118411252632597e-06
quote,quote,3.225476679804012e-06
race,race,0.0006461261798422257
radio,radio,3.779441517858168e-06
raft,raft,2.6892000974517987e-06
railway,railway,4.192749999929269e-06
raise,raise,0.00043055036668693464
rally,rally,0.0011042488750485384
range,range,2.7696065976635582e-06
ranger,ranger,2.211738873272069e-06
rapid,rapid,0.00079781822219724
rash,rash,4.318981949815669e-06
rate,rate,0.0014943478202510266
rating,rating,3.059761793408123e-06
ravage,ravage,0.005086771391485582
ray,ray,3.7877930666587625e-06
reach,reach,0.0002043773162502305
read,read,0.0003056665678141197
ready,ready,3.2012236115126037e-06
real,real,0.0026288138778564714
realize,realize,1.8806258337335738e-06
reason,reason,0.002227803969634402
reasonable,reasonable,0.0010624691508140573
rebound,rebound,0.0004266702032347025
receive,receive,0.0017806643187915448
recent,recent,0.0011087508175155695
recently,recently,0.0011358375717542648
recession,recession,0.0009335135467692304
recipient,recipient,1.8760064709677964e-06
reckless,reckless,0.005569384369597851
recognize,recognize,0.004689300960638648
recommend,recommend,3.365891537114868e-06
record,record,0.0002605759073702537
recover,recover,0.0010608299873607792
recovery,recovery,0.0004204212417705595
recruit,recruit,4.405928289201585e-06
reduce,reduce,0.0023775957571841467
reduction,reduction,3.475623819870128e-06
reed,reed,0.00035483606412266494
referendum,referendum,2.269634608826379e-06
reflect,reflect,2.808452051746355e-06
reflection,reflection,0.0035598396237072494
reform,reform,4.128055539856857e-06
refugee,refugee,5.28569231657184e-06
regain,regain,2.671411613728791e-06
regal,regal,3.20469544751272e-06
regard,regard,3.092814199150034e-06
region,region,0.0005983640386037519
regional,regional,2.3186668075844425e-06
register,register,9.845020638256401e-05
registered,registered,1.765907736749323e-06
regular,regular,4.188512469529144e-06
regulation,regulation,0.0026445302339278528
regulatory,regulatory,1.5894364131015716e-06
reimpose,reimpose,4.828556307919618e-06
rein,rein,2.1768993992329153e-06
reiterate,reiterate,2.8019883307002403e-06
reject,reject,0.005350392116122858
relate,relate,0.002342774655687342
related,related,0.002119982685659338
relation,relation,0.001241020865647374
relationship,relationship,1.797505433655559e-06
relatively,relatively,4.871128400242139e-06
relaxation,relaxation,0.005565413444843789
release,release,0.001428642754698513
reliable,reliable,1.9556925285182954e-06
relief,relief,0.00044785533035858975
rely,rely,0.0014402938636006476
remain,remain,0.0010474437042568587
remains,remains,0.010468127274119663
remembrance,remembrance,0.008902435975958752
remind,remind,5.593738662054014e-06
reminder,reminder,0.0037802036107406995
remotely,remotely,0.0006939053277895493
remove,remove,0.001174140816181753
reopen,reopen,0.00039997653305211224
reorganize,reorganize,1.8401515278066305e-06
repeatedly,repeatedly,2.8578366177451257e-06
replace,replace,3.0917955632384274e-06
replica,replica,3.392216132968096e-07
report,report,0.0003331398396465589
reportedly,reportedly,0.0015388042164280946
reporter,reporter,1.9556925285182954e-06
representation,representation,0.0028760274623208346
representative,representative,0.0024940184061116727
reproduction,reproduction,2.963284666145798e-06
republic,republic,0.0035649655638825876
republican,republican,0.0006381665881008169
require,require,3.031823667143241e-06
research,research,0.0006041654724939671
researcher,researcher,0.0004971064934462144
residence,residence,4.545798474455816e-06
resident,resident,2.9507885268428375e-06
resign,resign,0.006351445809589289
resignation,resignation,0.003874348151105739
resilient,resilient,0.00556295170885834
resist,resist,4.699099997989268e-06
resolutely,resolutely,0.003955518325233221
respectively,respectively,0.0049511952011720905
respiratory,respiratory,2.3393148031409533e-06
respond,respond,2.8501993472536268e-06
response,response,0.0014208620193815037
responsible,responsible,1.9725443963098437e-06
rest,rest,3.0818094446965095e-06
restaurant,restaurant,2.7478066266561107e-06
restful,restful,4.1284869303666045e-06
restore,restore,2.6211430232076417e-06
restraint,restraint,3.985163526379423e-06
restriction,restriction,0.0009261938872453791
restrictive,restrictive,2.41692790102741e-06
result,result,2.4682503308490427e-06
resume,resume,2.4626454826344272e-06
resurgence,resurgence,0.001829046085615841
retail,retail,4.10343245103088e-06
return,return,0.0005009267615318073
reunification,reunification,1.6118411252632597e-06
reunion,reunion,0.003714382123797678
reveal,reveal,3.619701390742589e-06
revenue,revenue,1.8401515278066305e-06
reversal,reversal,2.9759726421670565e-06
reverse,reverse,3.818993104054378e-06
revise,revise,0.00635552740208948
revitalize,revitalize,4.010942913154173e-06
revival,revival,3.0437955893348812e-06
revive,revive,0.005938774537363551
ride,ride,2.0145494723726287e-06
rig,rig,2.8578366177451257e-06
right,right,4.874906073297902e-06
rio,rio,0.0017843934579837991
rip,rip,2.2698269249727624e-06
rise,rise,0.00048682039303132017
risk,risk,0.0039611123904247335
risky,risky,0.005567839376152535
road,road,0.0008940011180046785
robot,robot,3.392216132968096e-07
robust,robust,0.0031824713507131648
rock,rock,4.750577233870065e-06
role,role,0.0013596546490305976
roll,roll,0.0009295850388320145
room,room,1.8127751614486105e-06
round,round,3.4788650226441247e-06
roundup,roundup,4.904914189042977e-06
routine,routine,3.321666596779239e-06
rule,rule,0.0031530358505553074
run,run,3.0802817889400905e-06
rush,rush,3.2404946151771288e-06
russia,russia,2.281901495666292e-06
russian,russian,3.6181417628712803e-06
safe,safe,2.3977784367526094e-06
safely,safely,0.0013512711784433185
safety,safety,3.513597264403004e-06
saint,saint,2.4134406828320286e-06
sale,sale,0.001785157648151812
salt,salt,3.0113009570800517e-06
sam,sam,3.377563907448129e-06
sample,sample,2.2645736563910578e-06
sanctuary,sanctuary,3.6806213426619834e-06
sanitize,sanitize,1.7441969462075837e-06
sao,sao,3.3154759584640556e-06
sar,sar,0.0005323980955998943
save,save,0.0019902487500728333
saw,saw,0.0005320605510655153
say,say,0.0011832575278275695
scale,scale,2.6560796879695427e-06
scan,scan,4.034546913844961e-06
scar,scar,0.00741758340693057
schedule,schedule,2.928646522840736e-06
school,school,3.110016007577129e-06
science,science,0.0005773892993295588
scientific,scientific,2.3896187936207386e-06
scientist,scientist,0.0020280987380047843
scramble,scramble,5.70706419541328e-06
screening,screening,2.342796943942142e-06
sea,sea,1.765907736749323e-06
season,season,2.6328855946901225e-06
second,second,0.0012439465785498334
secretary,secretary,0.0010313055736307106
sector,sector,0.0016711071395580296
sectoral,sectoral,0.002406592916920193
secure,secure,3.056390376942984e-06
security,security,0.0007214689061142706
see,see,0.0006897455915988614
seek,seek,0.00034656778210713664
seem,seem,0.003177643982243701
self,self,0.0026390261707435604
sell,sell,1.6486513133672325e-06
sen,sen,2.791372198850221e-06
senate,senate,2.783627708091898e-06
senator,senator,2.6073317106193294e-06
send,send,2.923018081923076e-06
senior,senior,0.0019263095593205306
sept,sept,0.0007096222495521895
serf,serf,0.00508542587703472
serious,serious,0.0046620184297814695
seriously,seriously,0.0024749813444466793
serum,serum,1.945578537832821e-06
serve,serve,3.0858542129704794e-06
service,service,0.0013497899186649836
session,session,0.0025144258311775958
set,set,0.0012585535891779652
setback,setback,3.985163526379423e-06
setting,setting,1.7441969462075837e-06
seven,seven,0.00034483268632867574
seventh,seventh,4.285595453489364e-06
several,several,2.7907181141333442e-06
severe,severe,0.004483838082580732
severely,severely,0.007124260167895193
severity,severity,1.2490526990750226e-06
shadow,shadow,0.002121396962505692
shake,shake,0.0028782720905859527
shall,shall,0.0019802926673105296
shandong,shandong,2.5291593830878784e-06
shape,shape,3.209137531171526e-06
shaped,shaped,2.1873649200960237e-06
share,share,0.0007451595959064922
shark,shark,0.005564752814180594
sharp,sharp,0.00165109289200949
sheep,sheep,0.002024311247740452
sheer,sheer,3.2717096249363497e-06
shield,shield,2.307393722070537e-06
shift,shift,2.808452051746355e-06
shilling,shilling,3.000449367873463e-06
ship,ship,1.2518068468424673e-06
shock,shock,0.005936076261109026
shocking,shocking,0.002076285049732475
shopper,shopper,3.7688263172033136e-06
shortage,shortage,5.9026936013511e-06
shortly,shortly,3.752629703380334e-06
shot,shot,0.0013914647796785813
shoulder,shoulder,0.006139785779000869
show,show,0.0006982341632833529
shrank,shrank,2.6892000974517987e-06
shrink,shrink,2.3186668075844425e-06
shut,shut,2.684602774151205e-06
shutdown,shutdown,2.5262941022462645e-06
shutter,shutter,2.0841937332161407e-06
sickness,sickness,3.0818094446965095e-06
side,side,0.0015381456496807123
sight,sight,0.003715332303537294
sign,sign,0.0016864813054956412
signal,signal,0.0024038915743805817
significance,significance,4.033751704313274e-06
significantly,significantly,0.0022811827167497456
simply,simply,3.1807227878113403e-06
since,since,0.0004461533055403112
singapore,singapore,3.5903705779376768e-06
single,single,3.0990927640065176e-06
sink,sink,1.2518068468424673e-06
sir,sir,2.3896187936207386e-06
site,site,3.700930999860517e-06
situate,situate,3.548316777776496e-06
situation,situation,0.002786110084801691
six,six,0.0004984842787760178
sixth,sixth,0.0037107237286296986
size,size,1.765907736749323e-06
sized,sized,2.6379811159983674e-06
skin,skin,2.1978674609056445e-06
sky,sky,0.002120819501985565
skyrocket,skyrocket,0.0032958563710422596
slack,slack,2.9844750491843855e-06
sleepy,sleepy,2.2934975070278726e-06
sleeve,sleeve,3.6677078673255663e-06
slow,slow,3.3134807889447567e-06
slowly,slowly,3.311209761006915e-06
small,small,3.321586629479093e-06
smell,smell,0.0031795068583250585
sniff,sniff,2.1596761566677323e-06
sniffer,sniffer,1.7528455309468314e-06
soap,soap,3.779441517858168e-06
soar,soar,0.0017839348147667138
social,social,0.0005331891915871781
society,society,0.008097420740961175
solar,solar,2.8294274719818566e-06
soldier,soldier,0.0031783000701035543
solemn,solemn,0.008902435975958752
solidarity,solidarity,0.00072271579841745
solution,solution,2.979155748880301e-06
somebody,somebody,0.006139385887279614
someone,someone,4.586514814782204e-06
somewhere,somewhere,0.00318115294644787
son,son,3.2995453733416326e-06
song,song,4.603301358448914e-06
soon,soon,3.0239145104328553e-06
soul,soul,2.5086944886513685e-06
sound,sound,0.0035261197662408497
source,source,2.719526687459353e-06
south,south,0.002118892076108392
southeastern,southeastern,3.0221182560032577e-06
southern,southern,3.548316777776496e-06
space,space,4.34464620227185e-06
speak,speak,0.0020223261481394756
speaker,speaker,2.4424574252617056e-06
special,special,2.818679024229255e-06
specially,specially,2.330508742372558e-06
specie,specie,4.12998914289994e-06
spectator,spectator,2.7809847092389332e-06
speech,speech,0.003383748011334126
speed,speed,2.1768993992329153e-06
speedy,speedy,3.2397431793795323e-06
spend,spend,0.0017821426203227682
spending,spending,0.0035643660458158674
sperm,sperm,0.003874669458624332
spike,spike,0.0008389179095408852
spoke,spoke,1.797505433655559e-06
spooky,spooky,3.760492563828118e-06
sport,sport,0.0009946581686110006
spotlight,spotlight,0.0045102474748711895
spread,spread,0.0009992882085732208
spreader,spreader,2.6102170970977994e-06
spring,spring,0.0004975146715328591
spruce,spruce,1.7441969462075837e-06
square,square,0.001352661437670921
st,st,0.003181795599780049
stability,stability,0.008097420740961175
stabilize,stabilize,3.548316777776496e-06
staff,staff,0.00027906728359951765
staffer,staffer,2.6041987057611686e-06
stage,stage,2.4955203044609753e-06
stake,stake,0.002281455916765007
stance,stance,0.005567839376152535
stand,stand,0.0021121662738791567
standing,standing,4.37096281029753e-06
standpoint,standpoint,3.4291872935931192e-06
star,star,5.479682775233981e-06
stark,stark,3.079813740616851e-06
start,start,0.0003997471774495142
startle,startle,0.00508542587703472
starve,starve,0.00468737981018077
state,state,0.000961624143214306
statement,statement,0.0010424936944364487
station,station,0.003181795599780049
statistic,statistic,0.003942242970520448
stay,stay,0.0008266836817378676
steadily,steadily,4.119849440652801e-06
steady,steady,3.9044902052928875e-06
steal,steal,0.00468737981018077
steam,steam,2.687874307505806e-06
steeply,steeply,2.229554511238696e-06
stem,stem,2.691565538520552e-06
step,step,0.001415830936418743
steroid,steroid,1.9999166596546367e-06
stevedore,stevedore,2.302997830307811e-06
stick,stick,0.0040524046666368515
stigmatization,stigmatization,0.004684923788315656
still,still,0.0013974819042639193
stimulate,stimulate,2.2951497318119365e-06
stimulus,stimulus,0.0022060060013124544
stitch,stitch,3.1727752614993643e-06
stock,stock,3.92396952127133e-06
stood,stood,3.0193851020934788e-06
stop,stop,0.000992827681592112
store,store,1.4154733311070698e-06
strain,strain,0.004286086907368845
strand,strand,5.326026040175917e-06
strategic,strategic,0.0024057167925364545
strategy,strategy,3.93187589718876e-06
strawberry,strawberry,2.4991928605439363e-06
streak,streak,0.00593982859132984
streaming,streaming,1.8401515278066305e-06
street,street,0.0008505517925014138
strengthen,strengthen,0.0013309904659569369
stress,stress,0.007922578334921694
strict,strict,0.002157404675401018
strike,strike,0.003712995515110685
string,string,4.5489920337579185e-06
strive,strive,0.004684671603167825
stroke,stroke,0.002406592916920193
strong,strong,4.538430424355397e-06
strongly,strongly,0.0024773454000855144
structural,structural,0.005937845689543301
struggle,struggle,0.0045127461797139015
student,student,3.532823815353029e-06
study,study,0.0005022451874262213
style,style,2.845003972374339e-06
subdue,subdue,3.829949319469486e-06
subsequently,subsequently,2.9790127675175393e-06
subside,subside,3.3877656596690866e-06
substantial,substantial,0.0025489647858525145
success,success,2.2783382055842688e-06
succumb,succumb,2.8468228839063224e-06
sudden,sudden,0.0034289716267457936
suffer,suffer,0.006247390126604047
sufficient,sufficient,2.6828208599775475e-06
suggest,suggest,0.003874669458624332
suit,suit,0.00741846844449188
sum,sum,0.008097420740961175
summer,summer,3.3032070591364107e-06
summit,summit,5.246866686081689e-06
sunrise,sunrise,3.779441517858168e-06
super,super,2.6102170970977994e-06
supplemental,supplemental,0.001934662693451683
supply,supply,0.0021579190530585167
support,support,0.003315185646814118
supporter,supporter,0.0007781525188115384
supreme,supreme,0.00045612283824961517
surcharge,surcharge,2.8073344056885823e-06
surface,surface,3.4998012007209085e-06
surge,surge,0.0013615704856037951
surpass,surpass,0.0009894750803102032
surprising,surprising,0.0042376014236301775
surround,surround,2.464133497030162e-06
survey,survey,0.0024774654377086544
survival,survival,0.0042401148609812495
survive,survive,2.406191290804204e-06
suspected,suspected,2.087383481468927e-06
suspend,suspend,0.0010622476201855146
sustain,sustain,2.105740562761266e-06
swathe,swathe,4.152256921898654e-06
sweeping,sweeping,2.2951497318119365e-06
swift,swift,3.6738508576022917e-06
swim,swim,4.194580737981688e-06
swing,swing,2.7686168190663767e-06
switch,switch,2.0145494723726287e-06
sympathy,sympathy,3.3393294720255466e-06
symptom,symptom,0.0012449582868416897
syrinx,syrinx,2.6495815369515025e-06
system,system,0.0028644919035760324
tackle,tackle,0.00242710970966862
tai,tai,3.2717096249363497e-06
taiwan,taiwan,3.059903374377816e-06
taj,taj,2.4681600944036872e-06
take,take,0.0005828559871633636
talented,talented,0.0
talk,talk,0.0008933350682525485
talker,talker,1.4780114195866087e-06
tally,tally,0.00014021100249645506
tao,tao,3.1285676660069196e-06
tap,tap,2.679064030134564e-06
target,target,0.0031801546846189745
tariff,tariff,3.2404946151771288e-06
task,task,0.0036038931617701246
taste,taste,0.0031795068583250585
tax,tax,0.002342699968334553
teacher,teacher,3.0818094446965095e-06
team,team,3.27581215226241e-06
tear,tear,0.002283078617922521
tech,tech,3.502111220819887e-06
technician,technician,2.760970610924759e-06
technology,technology,0.0014847232218968684
tell,tell,2.9802383967879187e-06
temporarily,temporarily,3.048288715382973e-06
temporary,temporary,2.0489298543118823e-06
ten,ten,2.2934975070278726e-06
tennis,tennis,2.7686168190663767e-06
tenuous,tenuous,0.00508542587703472
term,term,0.0018832879726064355
terrible,terrible,0.008611169258587986
tertiary,tertiary,0.005563495865032674
test,test,0.0008500834289832333
testing,testing,0.0009297352556528857
thailand,thailand,2.2593038811833e-06
thankful,thankful,3.0818094446965095e-06
thanks,thanks,0.0009715036699868684
theater,theater,3.056176943490216e-06
theme,theme,2.0238794643857696e-06
theory,theory,0.0024773454000855144
therapy,therapy,4.039474935033013e-06
thing,thing,0.0021195376575638214
think,think,0.002117423103395452
third,third,3.101540959999847e-06
thirty,thirty,0.0015909382910980923
though,though,3.401835940355307e-06
thought,thought,4.1736878433861805e-06
thoughtful,thoughtful,1.2535238812334362e-06
thousand,thousand,0.0017630516041511615
threat,threat,0.005010817156136518
three,three,0.000682600912946497
threshold,threshold,0.004567522251255134
throe,throe,0.004452299301434543
ticket,ticket,2.7758383340891935e-06
tide,tide,2.0841937332161407e-06
tie,tie,3.5903705779376768e-06
tier,tier,0.00423764369594899
tiered,tiered,4.152256921898654e-06
tighten,tighten,3.207265521217145e-06
time,time,0.0006188495696306341
tip,tip,3.484506450029727e-06
tire,tire,0.006144850094503191
tissue,tissue,1.2833165366162534e-06
title,title,1.8401515278066305e-06
today,today,0.0004179167464954416
toe,toe,3.7417077616715576e-06
together,together,0.0011453007231627757
tokyo,tokyo,0.0023471916237537255
tolerate,tolerate,4.042386918934969e-06
toll,toll,0.0005338799080437419
tommy,tommy,3.0614271403936973e-06
toned,toned,8.248229725318464e-07
top,top,0.0012671057202864224
topic,topic,0.0010613382791493742
torn,torn,0.00741846844449188
total,total,2.6293586797368233e-06
tough,tough,3.836618855831817e-06
tour,tour,2.817568349366392e-06
tourism,tourism,0.001260174190708791
tourist,tourist,0.001545845715357371
tournament,tournament,2.7686168190663767e-06
towards,towards,4.044178585023394e-06
tower,tower,2.2315508033243953e-06
town,town,2.2934975070278726e-06
toy,toy,3.1727752614993643e-06
trace,trace,2.5564030554225013e-06
tracing,tracing,2.5473933992688434e-06
track,track,0.00037450714734804354
trade,trade,0.0015431440707147446
traditional,traditional,2.5010285436498066e-06
traffic,traffic,0.003715906012333344
train,train,0.00039992523433233596
trained,trained,2.330508742372558e-06
transform,transform,2.669316342950392e-06
transformation,transformation,4.2002505057473174e-06
transmission,transmission,0.0014871279354181518
transmit,transmit,0.00017786717808772006
transparency,transparency,5.91479049557686e-06
transplant,transplant,4.095584998582416e-06
transport,transport,2.977545754058566e-06
travel,travel,0.0011844693070199369
traveler,traveler,0.0005595063682265907
treat,treat,4.268893489279813e-06
treating,treating,0.005910431720267003
treatment,treatment,3.33336068835227e-06
trend,trend,3.432152326204987e-06
trial,trial,0.0005923022190627601
tribe,tribe,3.6038860144825574e-06
trick,trick,0.005910431720267003
trigger,trigger,0.008092758304144706
trillion,trillion,0.0011681952589517744
trip,trip,3.1652186344253916e-06
triple,triple,0.004010372574652377
troop,troop,3.81494027063776e-06
trouble,trouble,0.008097420740961175
troublesome,troublesome,0.003942242970520448
trump,trump,0.0010487971356298708
trust,trust,1.7128437542949689e-06
try,try,0.000496181789306176
tuberculosis,tuberculosis,3.818993104054378e-06
tug,tug,2.845003972374339e-06
tum,tum,9.645903568350601e-07
turkey,turkey,1.2518068468424673e-06
turn,turn,0.0006883008918827998
tweet,tweet,0.0013589969814582332
twelve,twelve,1.8171183346520417e-06
twenty,twenty,0.0044517641972398585
twice,twice,0.0010619287275620921
twitter,twitter,0.003005971744196723
two,two,0.0003238126139620565
type,type,0.007124260167895193
typhoon,typhoon,4.374996922385067e-06
typically,typically,0.004452972698487246
u,u,0.0010511167697220194
un,un,0.0013366604968357671
uncertain,uncertain,0.0020709319028516483
uncertainty,uncertainty,0.004416229870755319
uncle,uncle,3.377563907448129e-06
underestimate,underestimate,3.4203076977785118e-06
undergraduate,undergraduate,2.5639257355988307e-06
underway,underway,2.237498571154252e-06
unemployed,unemployed,2.808452051746355e-06
unemployment,unemployment,0.0008927698162145794
unethical,unethical,3.1807227878113403e-06
uneven,uneven,0.0010137751450940357
unexplained,unexplained,2.473981272810099e-06
unfortunate,unfortunate,0.0031802953511884053
unfortunately,unfortunately,0.002406592916920193
unfulfilled,unfulfilled,3.2175614642616505e-06
unilateralism,unilateralism,4.6735248291700685e-06
union,union,0.0028915431490344093
unit,unit,1.8401515278066305e-06
united,united,0.0010615867856200248
universal,universal,5.0495847830301165e-06
university,university,0.0003336710965946781
unknown,unknown,2.7571244333843283e-06
unleash,unleash,0.0028782720905859527
unlikely,unlikely,1.7529757931275222e-06
unnecessary,unnecessary,0.0032958563710422596
unpaid,unpaid,5.400644064293163e-06
unprecedented,unprecedented,0.0010129237450799758
unreported,unreported,3.4203076977785118e-06
unthinkable,unthinkable,3.3115160705582528e-06
untreated,untreated,0.007267313904940486
unusual,unusual,2.7809847092389332e-06
unwavering,unwavering,4.128055539856857e-06
update,update,0.00020596541148762252
upgrade,upgrade,0.0010617700486419577
upon,upon,3.9929984948949475e-06
urban,urban,2.3689146802104523e-06
urge,urge,0.0018324813179916868
urgent,urgent,3.500845091843471e-06
us,us,9.328924133994324e-07
use,use,0.00037144238226260827
user,user,3.073367520923061e-06
usher,usher,2.620628297367165e-06
v,v,3.156809675074972e-06
vaccinate,vaccinate,0.0014147159311886863
vaccination,vaccination,0.0005880158998736103
vaccine,vaccine,0.0006290663935524252
value,value,3.878362575421833e-06
van,van,0.001205450530970878
various,various,0.001061404683594379
vary,vary,2.882314562509686e-06
vast,vast,0.0019331207150499448
vector,vector,3.1945467894815555e-06
vehicle,vehicle,2.0466364075933983e-06
ventilate,ventilate,3.021477133443034e-06
verbal,verbal,0.005748314743980774
verify,verify,3.779441517858168e-06
vessel,vessel,2.2758982781127668e-06
via,via,6.3886315879810256e-06
vice,vice,0.0004485108050033645
victim,victim,0.008902435975958752
victory,victory,0.0
video,video,0.0003387466200225057
vigilance,vigilance,5.5063142866014845e-06
vigilant,vigilant,3.311209761006915e-06
vigor,vigor,2.6211430232076417e-06
viking,viking,2.8332922306010593e-06
village,village,0.0034844178634728887
violate,violate,0.009887191355243739
violence,violence,0.0031767411420274747
virtual,virtual,4.318981949815669e-06
virtually,virtually,2.8931382600252418e-06
virus,virus,0.00099591652199441
visit,visit,0.0017838308828935377
visitor,visitor,2.141193856331802e-06
vitality,vitality,2.365277473399016e-06
volunteer,volunteer,0.0015576535147120707
vote,vote,0.0006770949245342787
voter,voter,3.248625872030944e-06
voting,voting,2.8578366177451257e-06
vow,vow,0.0028764668807337466
vulnerable,vulnerable,0.0057330732968931776
w,w,0.001350080029448187
wage,wage,0.0029888851101111556
wake,wake,0.0026976513787048805
wale,wale,3.721007147575217e-06
walk,walk,3.990647731657797e-06
wall,wall,3.3622962484252147e-06
walt,walt,7.410651235185543e-07
walter,walter,0.00032774891538636853
wane,wane,2.5060571422567096e-06
wang,wang,0.002477184693372676
want,want,2.081822031706975e-06
war,war,0.006965942248731661
warn,warn,0.005898092015696535
warning,warning,0.0034272300387776207
wash,wash,3.779441517858168e-06
washington,washington,2.577620040918132e-06
watch,watch,1.402552692540855e-06
water,water,0.0019802926673105296
wave,wave,0.0015710296068628736
way,way,0.00195470193992791
wealthy,wealthy,3.4674065132519837e-06
wear,wear,2.6135817905513868e-06
weather,weather,3.0187109808621106e-06
week,week,0.0006939967442687155
weekend,weekend,0.0013528251570040447
weekly,weekly,2.7667960255460824e-06
welcome,welcome,3.029882593266115e-06
well,well,0.0009806196882308283
welsh,welsh,3.721007147575217e-06
west,west,3.3324619471069544e-06
western,western,2.616147465899076e-06
whatever,whatever,0.006144850094503191
whether,whether,0.003872820925948243
white,white,0.0005215853036781272
whole,whole,2.1844610489651857e-06
whose,whose,3.957851827203004e-06
wide,wide,2.580507437582557e-06
widely,widely,2.9844750491843855e-06
wife,wife,0.00018871179274814053
wildfire,wildfire,0.004456379103488886
wildlife,wildlife,0.005940624755021977
willing,willing,0.0012053675851464052
win,win,0.002121420224890861
winery,winery,0.004456379103488886
wing,wing,3.3324619471069544e-06
winner,winner,1.2535238812334362e-06
winter,winter,0.001370838873638265
wish,wish,2.944317109832917e-06
wishing,wishing,5.326026040175917e-06
within,within,0.001014958714785524
without,without,0.0012388635537007727
witness,witness,0.0034289716267457936
woman,woman,0.002221185794159492
word,word,0.0023462528280430803
work,work,0.0007046630455394226
worker,worker,0.001853310342626062
world,world,0.0015165224606027616
worried,worried,0.011598966158230528
worry,worry,0.006878581995516279
worsen,worsen,0.004110903735885861
worst,worst,0.0019336129209369622
worth,worth,6.805212660357486e-06
would,would,3.310497281077348e-06
wrestle,wrestle,2.3054408564512047e-06
wrestler,wrestler,2.3378855515294205e-06
wrestling,wrestling,3.209421032182421e-06
x,x,4.034546913844961e-06
xi,xi,0.0022230808814802886
xinhua,xinhua,0.0015480112603140413
xinjiang,xinjiang,2.325267661902409e-06
yang,yang,0.0012054038715755713
yard,yard,1.2518068468424673e-06
year,year,0.0008406637559815645
yellow,yellow,2.2315508033243953e-06
yes,yes,3.779441517858168e-06
yesterday,yesterday,0.0006935177249903741
yet,yet,0.0020362111060295484
yin,yin,0.0020223261481394756
yoga,yoga,3.200921616140308e-06
york,york,0.0008854595520764905
young,young,3.5845469082391674e-06
youth,youth,3.985163526379423e-06
zero,zero,1.8516891694535762e-06
zhejiang,zhejiang,3.1727752614993643e-06
zimbabwe,zimbabwe,0.002970190337442682
